dated_uid,dater_uid,interests_correlation,dater_liked_dated,probability_dated_wants_to_date,already_met_before,dater_wants_to_date,dated_wants_to_date,is_match
228619901404,470974088216,0.14,7.0,6.0,True,True,False,0
893265985235,470974088216,0.54,7.0,5.0,True,True,False,0
248910540851,470974088216,0.61,7.0,6.0,True,True,True,1
965464370378,470974088216,0.21,6.0,6.0,True,True,True,1
405533056955,470974088216,0.25,6.0,5.0,True,False,True,0
860315782520,470974088216,0.34,6.0,5.0,True,True,False,0
891400566773,470974088216,0.28,7.0,7.0,True,True,True,1
222389758252,470974088216,-0.36,6.0,6.0,True,True,False,0
228619901404,377531038735,0.29,6.0,4.0,True,False,False,0
893265985235,377531038735,0.18,7.0,3.0,True,False,False,0
679117384151,377531038735,0.1,6.0,7.0,True,False,True,0
248910540851,377531038735,-0.21,7.0,8.0,True,True,True,1
965464370378,377531038735,0.32,8.0,6.0,True,False,True,0
405533056955,377531038735,0.73,6.0,5.0,True,False,True,0
860315782520,377531038735,0.6,8.0,7.0,True,True,False,0
509979205051,377531038735,0.07,5.0,6.0,True,False,True,0
891400566773,377531038735,0.11,5.0,6.0,True,True,True,1
222389758252,377531038735,0.39,8.0,7.0,True,True,False,0
228619901404,904356017601,-0.18,6.0,7.0,True,False,False,0
893265985235,904356017601,-0.18,8.0,1.0,True,False,False,0
679117384151,904356017601,0.05,4.0,1.0,True,False,True,0
248910540851,904356017601,-0.18,8.0,10.0,True,True,True,1
965464370378,904356017601,0.21,7.0,7.0,True,False,True,0
405533056955,904356017601,0.37,4.0,3.0,True,False,True,0
860315782520,904356017601,0.35,5.0,1.0,True,False,True,0
509979205051,904356017601,0.15,6.0,6.0,True,False,False,0
891400566773,904356017601,-0.47,8.0,8.0,True,True,True,1
222389758252,904356017601,-0.19,10.0,8.0,True,True,False,0
228619901404,241875085602,0.33,6.0,6.0,True,True,False,0
893265985235,241875085602,0.37,7.0,6.0,True,True,False,0
679117384151,241875085602,-0.51,6.0,2.0,True,False,True,0
248910540851,241875085602,0.12,9.0,4.0,True,True,True,1
965464370378,241875085602,0.35,4.0,3.0,True,False,True,0
405533056955,241875085602,0.19,2.0,2.0,True,False,True,0
860315782520,241875085602,0.47,8.0,7.0,True,True,False,0
509979205051,241875085602,0.03,5.0,5.0,True,False,False,0
891400566773,241875085602,0.46,9.0,6.0,True,True,True,1
222389758252,241875085602,0.43,9.0,8.0,True,True,False,0
228619901404,376556943326,0.19,7.0,4.0,True,False,False,0
893265985235,376556943326,0.21,7.0,3.0,True,False,True,0
679117384151,376556943326,0.52,7.0,8.0,True,False,True,0
248910540851,376556943326,-0.46,8.0,6.0,True,True,True,1
965464370378,376556943326,-0.27,5.0,6.0,True,False,True,0
405533056955,376556943326,0.59,5.0,5.0,True,False,True,0
860315782520,376556943326,0.31,8.0,7.0,True,True,False,0
509979205051,376556943326,0.08,5.0,7.0,True,False,True,0
891400566773,376556943326,-0.34,6.0,6.0,True,True,True,1
222389758252,376556943326,-0.16,7.0,5.0,True,True,False,0
228619901404,442846029935,0.19,5.0,5.0,True,True,False,0
893265985235,442846029935,0.03,10.0,5.0,True,True,True,1
679117384151,442846029935,0.68,8.0,5.0,True,True,True,1
248910540851,442846029935,-0.26,7.0,5.0,True,True,True,1
965464370378,442846029935,-0.01,5.0,5.0,True,True,True,1
405533056955,442846029935,0.42,6.0,5.0,True,True,True,1
860315782520,442846029935,0.21,7.0,5.0,True,True,True,1
509979205051,442846029935,0.1,7.0,5.0,True,True,False,0
891400566773,442846029935,-0.35,7.0,6.0,True,True,True,1
222389758252,442846029935,-0.23,8.0,5.0,True,True,False,0
470974088216,228619901404,0.14,7.0,4.0,True,False,True,0
377531038735,228619901404,0.29,7.0,2.0,True,False,False,0
758074869557,228619901404,-0.24,5.0,2.0,True,False,False,0
904356017601,228619901404,-0.18,6.0,3.0,True,False,False,0
238957697401,228619901404,-0.43,6.0,5.0,True,False,False,0
241875085602,228619901404,0.33,7.0,4.0,True,False,True,0
376556943326,228619901404,0.19,7.0,4.0,True,False,False,0
215862483279,228619901404,-0.03,7.0,4.0,True,False,True,0
442846029935,228619901404,0.19,6.0,4.0,True,False,True,0
470974088216,893265985235,0.54,8.0,4.0,True,False,True,0
377531038735,893265985235,0.18,8.0,4.0,True,False,False,0
758074869557,893265985235,-0.14,7.0,3.0,True,False,False,0
904356017601,893265985235,-0.18,6.0,3.0,True,False,False,0
238957697401,893265985235,0.0,7.0,4.0,True,False,False,0
241875085602,893265985235,0.37,7.0,4.0,True,False,True,0
376556943326,893265985235,0.21,8.0,4.0,True,True,False,0
215862483279,893265985235,-0.11,9.0,4.0,True,True,True,1
442846029935,893265985235,0.03,8.0,4.0,True,True,True,1
470974088216,405533056955,0.25,7.0,6.0,True,True,False,0
377531038735,405533056955,0.73,7.0,5.0,True,True,False,0
758074869557,405533056955,-0.3,6.0,7.0,True,True,False,0
904356017601,405533056955,0.37,6.0,6.0,True,True,False,0
238957697401,405533056955,0.06,6.0,7.0,True,False,True,0
241875085602,405533056955,0.19,6.0,6.0,True,True,False,0
376556943326,405533056955,0.59,7.0,7.0,True,True,False,0
215862483279,405533056955,0.28,7.0,6.0,True,True,True,1
442846029935,405533056955,0.42,6.0,5.0,True,True,True,1
470974088216,860315782520,0.34,2.0,1.0,True,False,True,0
377531038735,860315782520,0.6,4.0,3.0,True,False,True,0
758074869557,860315782520,-0.26,2.0,2.0,True,False,False,0
904356017601,860315782520,0.35,6.0,4.0,True,True,False,0
238957697401,860315782520,-0.05,3.0,3.0,True,False,True,0
241875085602,860315782520,0.47,3.0,3.0,True,False,True,0
376556943326,860315782520,0.31,5.0,4.0,True,False,True,0
215862483279,860315782520,0.05,4.0,4.0,True,False,True,0
442846029935,860315782520,0.21,8.0,4.0,True,True,True,1
470974088216,509979205051,0.5,7.0,5.0,True,False,False,0
377531038735,509979205051,0.07,7.0,6.0,True,True,False,0
758074869557,509979205051,0.29,5.0,1.0,True,False,False,0
904356017601,509979205051,0.15,7.0,7.0,True,False,False,0
238957697401,509979205051,0.07,6.0,5.0,True,False,True,0
241875085602,509979205051,0.03,7.0,6.0,True,False,False,0
376556943326,509979205051,0.08,7.0,5.0,True,True,False,0
215862483279,509979205051,0.17,7.0,5.0,True,True,True,1
442846029935,509979205051,0.1,7.0,5.0,True,False,True,0
470974088216,222389758252,-0.36,6.0,6.0,True,False,True,0
377531038735,222389758252,0.39,6.0,9.0,True,False,True,0
758074869557,222389758252,-0.47,5.0,5.0,True,False,False,0
904356017601,222389758252,-0.19,7.0,7.0,True,False,True,0
238957697401,222389758252,-0.06,4.0,10.0,True,False,True,0
241875085602,222389758252,0.43,6.0,7.0,True,False,True,0
376556943326,222389758252,-0.16,7.0,7.0,True,False,True,0
215862483279,222389758252,-0.21,8.0,8.0,True,True,True,1
442846029935,222389758252,-0.23,6.0,6.0,True,False,True,0
386144918766,222389758252,0.08,7.0,7.0,True,False,True,0
541051586099,360707330912,-0.23,9.0,1.0,True,False,False,0
973290654474,360707330912,0.43,6.0,1.0,True,False,False,0
507587518613,360707330912,-0.4,6.0,1.0,True,False,True,0
109267849144,360707330912,0.01,5.0,2.0,True,False,True,0
373494866507,360707330912,0.22,8.0,2.0,True,False,False,0
289851002125,360707330912,-0.06,5.0,1.0,True,False,True,0
524349652669,360707330912,-0.08,6.0,1.0,True,False,False,0
163984239808,360707330912,0.28,9.0,5.0,True,True,False,0
465500010421,360707330912,0.44,2.0,1.0,True,False,False,0
712660052731,360707330912,0.62,6.0,1.0,True,False,False,0
190134196290,360707330912,-0.08,6.0,1.0,True,False,False,0
660622561882,360707330912,-0.2,6.0,1.0,True,False,False,0
773972229250,360707330912,0.39,8.0,3.0,True,False,False,0
541051586099,551850586197,0.29,6.0,4.0,True,False,False,0
801902240868,551850586197,0.44,3.0,2.0,True,False,False,0
973290654474,551850586197,-0.04,4.0,3.0,True,False,False,0
507587518613,551850586197,-0.21,6.0,6.0,True,True,True,1
109267849144,551850586197,-0.02,6.0,6.0,True,True,True,1
373494866507,551850586197,-0.33,7.0,4.0,True,True,False,0
465500010421,551850586197,-0.52,2.0,1.0,True,False,False,0
712660052731,551850586197,0.03,2.0,2.0,True,False,False,0
190134196290,551850586197,0.5,8.0,5.0,True,True,False,0
660622561882,551850586197,0.33,4.0,2.0,True,False,False,0
773972229250,551850586197,0.16,7.0,6.0,True,True,False,0
541051586099,868622948248,0.22,8.0,6.0,True,True,False,0
973290654474,868622948248,-0.35,7.0,6.0,True,True,True,1
507587518613,868622948248,-0.17,9.0,10.0,True,True,True,1
109267849144,868622948248,-0.1,7.0,5.0,True,True,True,1
373494866507,868622948248,-0.52,7.0,5.0,True,True,False,0
289851002125,868622948248,0.21,6.0,5.0,True,False,True,0
524349652669,868622948248,0.58,6.0,5.0,True,False,False,0
163984239808,868622948248,-0.23,8.0,6.0,True,True,False,0
465500010421,868622948248,-0.57,6.0,4.0,True,False,False,0
712660052731,868622948248,-0.13,6.0,5.0,True,False,False,0
660622561882,868622948248,0.35,6.0,4.0,True,False,True,0
773972229250,868622948248,0.1,6.0,5.0,True,False,False,0
289851002125,783796432822,0.04,7.0,7.0,True,False,True,0
541051586099,159789411810,-0.12,6.0,4.0,True,False,False,0
973290654474,159789411810,-0.2,4.0,5.0,True,False,True,0
507587518613,159789411810,-0.29,5.0,4.0,True,False,True,0
109267849144,159789411810,-0.01,7.0,5.0,True,False,True,0
373494866507,159789411810,-0.24,8.0,7.0,True,False,True,0
289851002125,159789411810,-0.05,8.0,4.0,True,False,True,0
163984239808,159789411810,0.06,9.0,8.0,True,False,True,0
465500010421,159789411810,0.11,6.0,7.0,True,False,False,0
712660052731,159789411810,0.28,5.0,4.0,True,False,True,0
190134196290,159789411810,0.11,7.0,7.0,True,False,True,0
660622561882,159789411810,-0.15,6.0,7.0,True,False,True,0
773972229250,159789411810,0.53,7.0,5.0,True,False,True,0
541051586099,871625094976,-0.38,2.0,2.0,True,False,False,0
973290654474,871625094976,-0.02,2.0,3.0,True,False,True,0
507587518613,871625094976,0.46,5.0,4.0,True,False,True,0
109267849144,871625094976,-0.06,2.0,2.0,True,False,True,0
373494866507,871625094976,0.22,6.0,5.0,True,False,True,0
289851002125,871625094976,-0.05,2.0,2.0,True,False,True,0
163984239808,871625094976,0.02,5.0,5.0,True,False,True,0
465500010421,871625094976,0.05,6.0,4.0,True,False,True,0
712660052731,871625094976,0.06,5.0,4.0,True,False,True,0
190134196290,871625094976,0.08,6.0,6.0,True,False,True,0
660622561882,871625094976,0.16,3.0,3.0,True,False,True,0
773972229250,871625094976,0.03,6.0,5.0,True,False,True,0
973290654474,431749995052,-0.16,2.0,3.0,True,False,True,0
507587518613,431749995052,0.44,1.0,4.0,True,False,True,0
109267849144,431749995052,-0.27,1.0,2.0,True,False,True,0
373494866507,431749995052,0.29,6.0,5.0,True,True,True,1
289851002125,431749995052,-0.28,3.0,5.0,True,False,True,0
465500010421,431749995052,0.2,2.0,3.0,True,False,True,0
712660052731,431749995052,-0.31,1.0,3.0,True,False,True,0
190134196290,431749995052,-0.07,3.0,3.0,True,False,True,0
660622561882,431749995052,-0.06,1.0,2.0,True,False,True,0
773972229250,431749995052,-0.16,4.0,1.0,True,False,True,0
507587518613,502471685886,-0.41,6.0,4.0,True,True,True,1
109267849144,502471685886,0.08,6.0,4.0,True,True,True,1
524349652669,502471685886,0.11,8.0,5.0,True,True,False,0
163984239808,502471685886,0.2,5.0,6.0,True,False,True,0
465500010421,502471685886,-0.05,6.0,5.0,True,True,False,0
712660052731,502471685886,0.42,8.0,7.0,True,True,False,0
773972229250,502471685886,0.52,6.0,6.0,True,True,False,0
541051586099,219360362705,0.19,6.0,5.0,True,False,False,0
973290654474,219360362705,0.21,6.0,5.0,True,False,False,0
507587518613,219360362705,-0.27,7.0,4.0,True,False,True,0
109267849144,219360362705,-0.41,4.0,3.0,True,False,True,0
373494866507,219360362705,-0.02,7.0,6.0,True,False,False,0
289851002125,219360362705,0.09,8.0,6.0,True,False,False,0
465500010421,219360362705,-0.27,4.0,4.0,True,False,False,0
712660052731,219360362705,0.11,7.0,7.0,True,False,False,0
190134196290,219360362705,0.16,9.0,6.0,True,True,False,0
660622561882,219360362705,0.21,6.0,5.0,True,False,False,0
773972229250,219360362705,0.49,8.0,5.0,True,True,True,1
541051586099,925447563155,-0.19,5.0,4.0,True,False,False,0
973290654474,925447563155,-0.48,5.0,4.0,True,False,True,0
507587518613,925447563155,0.0,5.0,4.0,True,False,True,0
109267849144,925447563155,-0.38,5.0,4.0,True,False,True,0
373494866507,925447563155,-0.34,7.0,4.0,True,False,True,0
289851002125,925447563155,-0.27,4.0,3.0,True,False,True,0
465500010421,925447563155,-0.35,5.0,4.0,True,False,True,0
712660052731,925447563155,0.03,6.0,4.0,True,False,True,0
190134196290,925447563155,0.4,6.5,6.0,True,False,True,0
660622561882,925447563155,0.26,5.0,5.0,True,False,True,0
773972229250,925447563155,-0.32,8.5,9.0,True,True,True,1
973290654474,387004643452,-0.13,5.0,3.0,True,False,False,0
507587518613,387004643452,-0.11,6.0,3.0,True,False,True,0
109267849144,387004643452,-0.19,8.0,5.0,True,False,True,0
289851002125,387004643452,0.06,6.0,5.0,True,False,True,0
524349652669,387004643452,0.52,7.0,2.0,True,False,False,0
163984239808,387004643452,0.0,7.0,5.0,True,False,True,0
465500010421,387004643452,-0.41,5.0,3.0,True,False,False,0
712660052731,387004643452,0.17,5.0,3.0,True,False,True,0
190134196290,387004643452,0.5,7.0,5.0,True,False,True,0
660622561882,387004643452,0.19,7.0,5.0,True,False,True,0
773972229250,387004643452,0.2,7.0,3.0,True,False,False,0
541051586099,887107955435,-0.29,8.0,5.0,True,True,False,0
801902240868,887107955435,0.77,5.0,3.0,True,False,False,0
973290654474,887107955435,0.09,6.0,3.0,True,True,False,0
507587518613,887107955435,-0.15,4.0,2.0,True,False,True,0
109267849144,887107955435,-0.41,5.0,2.0,True,False,False,0
373494866507,887107955435,-0.49,6.0,2.0,True,False,False,0
289851002125,887107955435,-0.18,6.0,2.0,True,False,True,0
163984239808,887107955435,-0.15,7.0,2.0,True,False,True,0
787025322133,887107955435,-0.46,7.0,3.0,True,True,False,0
465500010421,887107955435,0.3,3.0,1.0,True,False,False,0
712660052731,887107955435,-0.22,8.0,4.0,True,True,False,0
190134196290,887107955435,-0.24,6.0,3.0,True,False,False,0
660622561882,887107955435,-0.29,5.0,2.0,True,False,False,0
773972229250,887107955435,-0.15,5.0,2.0,True,False,False,0
801902240868,633392941756,0.35,5.0,5.0,True,False,False,0
507587518613,633392941756,-0.24,5.0,4.0,True,False,True,0
109267849144,633392941756,-0.05,5.0,3.0,True,False,True,0
289851002125,633392941756,0.12,5.0,4.0,True,False,True,0
524349652669,633392941756,0.43,4.0,4.0,True,False,True,0
163984239808,633392941756,-0.01,7.0,7.0,True,True,True,1
465500010421,633392941756,-0.19,3.0,3.0,True,False,False,0
712660052731,633392941756,0.35,4.0,3.0,True,False,False,0
190134196290,633392941756,0.24,5.0,4.0,True,False,True,0
541051586099,604861376907,-0.25,7.0,7.0,True,True,False,0
801902240868,604861376907,0.19,8.0,6.0,True,False,False,0
973290654474,604861376907,0.26,8.0,8.0,True,False,True,0
109267849144,604861376907,-0.01,8.0,8.0,True,True,True,1
373494866507,604861376907,0.01,8.0,8.0,True,True,True,1
289851002125,604861376907,-0.21,6.0,8.0,True,False,True,0
524349652669,604861376907,0.45,7.0,7.0,True,True,False,0
163984239808,604861376907,0.18,8.0,8.0,True,True,True,1
465500010421,604861376907,0.09,7.0,5.0,True,True,False,0
712660052731,604861376907,0.43,7.0,8.0,True,False,True,0
190134196290,604861376907,-0.2,8.0,7.0,True,True,True,1
660622561882,604861376907,-0.29,7.0,8.0,True,False,True,0
773972229250,604861376907,0.33,8.0,8.0,True,False,True,0
541051586099,424170555372,-0.04,2.0,5.0,True,False,False,0
973290654474,424170555372,0.05,1.0,6.0,True,False,True,0
109267849144,424170555372,-0.06,3.0,5.0,True,False,True,0
373494866507,424170555372,0.29,3.0,5.0,True,False,False,0
289851002125,424170555372,0.16,1.0,6.0,True,False,True,0
524349652669,424170555372,0.28,2.0,5.0,True,False,False,0
163984239808,424170555372,0.0,8.0,5.0,True,True,True,1
465500010421,424170555372,-0.47,5.0,6.0,True,True,True,1
712660052731,424170555372,-0.15,3.0,6.0,True,False,True,0
190134196290,424170555372,0.77,7.0,6.0,True,True,False,0
660622561882,424170555372,0.83,4.0,5.0,True,False,False,0
773972229250,424170555372,-0.12,5.0,5.0,True,False,True,0
541051586099,759559317405,0.13,3.0,6.0,True,False,False,0
973290654474,759559317405,-0.02,3.0,2.0,True,False,False,0
507587518613,759559317405,0.31,7.0,7.0,True,True,True,1
109267849144,759559317405,-0.01,4.0,3.0,True,False,True,0
373494866507,759559317405,0.09,6.0,6.0,True,True,False,0
524349652669,759559317405,0.57,7.0,6.0,True,True,False,0
163984239808,759559317405,-0.01,3.0,3.0,True,False,False,0
465500010421,759559317405,-0.47,6.0,2.0,True,True,False,0
712660052731,759559317405,-0.05,5.0,5.0,True,True,True,1
190134196290,759559317405,0.46,6.0,4.0,True,True,False,0
660622561882,759559317405,0.68,3.0,3.0,True,False,False,0
541051586099,492716412104,-0.15,5.0,1.0,True,False,False,0
973290654474,492716412104,-0.61,5.0,1.0,True,False,False,0
507587518613,492716412104,-0.16,5.0,1.0,True,False,True,0
109267849144,492716412104,-0.19,4.0,1.0,True,False,True,0
373494866507,492716412104,-0.32,6.0,2.0,True,False,True,0
289851002125,492716412104,-0.14,8.0,2.0,True,False,True,0
163984239808,492716412104,-0.36,7.0,2.0,True,True,True,1
465500010421,492716412104,-0.3,7.0,1.0,True,False,False,0
712660052731,492716412104,0.32,6.0,2.0,True,False,False,0
190134196290,492716412104,0.22,2.0,1.0,True,False,False,0
660622561882,492716412104,0.11,5.0,1.0,True,False,False,0
773972229250,492716412104,0.11,9.0,6.0,True,True,True,1
541051586099,196672589451,0.07,7.0,6.0,True,True,False,0
973290654474,196672589451,-0.23,8.0,7.0,True,True,False,0
507587518613,196672589451,-0.01,2.0,1.0,True,False,True,0
109267849144,196672589451,-0.08,5.0,1.0,True,False,False,0
289851002125,196672589451,0.12,7.0,5.0,True,True,True,1
524349652669,196672589451,0.5,7.0,3.0,True,True,False,0
360707330912,541051586099,-0.23,4.0,1.0,True,False,False,0
551850586197,541051586099,0.29,3.0,1.0,True,False,False,0
868622948248,541051586099,0.22,1.0,1.0,True,False,True,0
159789411810,541051586099,-0.12,3.0,1.0,True,False,False,0
871625094976,541051586099,-0.38,3.0,1.0,True,False,False,0
219360362705,541051586099,0.19,2.0,1.0,True,False,False,0
925447563155,541051586099,-0.19,2.0,1.0,True,False,False,0
887107955435,541051586099,-0.29,6.0,1.0,True,False,True,0
604861376907,541051586099,-0.25,3.0,1.0,True,False,True,0
424170555372,541051586099,-0.04,3.0,2.0,True,False,False,0
759559317405,541051586099,0.13,1.0,1.0,True,False,False,0
492716412104,541051586099,-0.15,3.0,1.0,True,False,False,0
196672589451,541051586099,0.07,3.0,1.0,True,False,True,0
360707330912,801902240868,0.46,6.0,7.0,True,False,True,0
551850586197,801902240868,0.44,2.0,1.0,True,False,False,0
887107955435,801902240868,0.77,6.0,2.0,True,False,False,0
633392941756,801902240868,0.35,5.0,6.0,True,False,False,0
604861376907,801902240868,0.19,4.0,1.0,True,False,False,0
360707330912,973290654474,0.43,5.0,2.0,True,False,False,0
551850586197,973290654474,-0.04,5.0,2.0,True,False,False,0
868622948248,973290654474,-0.35,6.0,4.0,True,True,True,1
159789411810,973290654474,-0.2,6.0,1.0,True,True,False,0
871625094976,973290654474,-0.02,5.0,4.0,True,True,False,0
431749995052,973290654474,-0.16,6.0,2.0,True,True,False,0
219360362705,973290654474,0.21,3.0,2.0,True,False,False,0
925447563155,973290654474,-0.48,6.0,2.0,True,True,False,0
387004643452,973290654474,-0.13,6.0,1.0,True,False,False,0
887107955435,973290654474,0.09,4.0,3.0,True,False,True,0
604861376907,973290654474,0.26,5.0,1.0,True,True,False,0
424170555372,973290654474,0.05,5.0,4.0,True,True,False,0
759559317405,973290654474,-0.02,4.0,1.0,True,False,False,0
492716412104,973290654474,-0.61,5.0,2.0,True,False,False,0
196672589451,973290654474,-0.23,6.0,4.0,True,False,True,0
360707330912,507587518613,-0.4,8.0,8.0,True,True,False,0
551850586197,507587518613,-0.21,6.0,5.0,True,True,True,1
868622948248,507587518613,-0.17,8.0,8.0,True,True,True,1
159789411810,507587518613,-0.29,7.0,6.0,True,True,False,0
871625094976,507587518613,0.46,9.0,7.0,True,True,False,0
431749995052,507587518613,0.44,7.0,6.0,True,True,False,0
502471685886,507587518613,-0.41,7.0,5.0,True,True,True,1
219360362705,507587518613,-0.27,8.0,7.0,True,True,False,0
925447563155,507587518613,0.0,9.0,7.0,True,True,False,0
387004643452,507587518613,-0.11,9.0,8.0,True,True,False,0
887107955435,507587518613,-0.15,6.0,6.0,True,True,False,0
633392941756,507587518613,-0.24,8.0,8.0,True,True,False,0
424170555372,507587518613,0.48,9.0,8.0,True,True,False,0
759559317405,507587518613,0.31,6.0,5.0,True,True,True,1
492716412104,507587518613,-0.16,7.0,6.0,True,True,False,0
196672589451,507587518613,-0.01,5.0,5.0,True,True,False,0
360707330912,109267849144,0.01,7.0,7.0,True,True,False,0
551850586197,109267849144,-0.02,6.0,5.0,True,True,True,1
868622948248,109267849144,-0.1,7.0,7.0,True,True,True,1
159789411810,109267849144,-0.01,7.0,7.0,True,True,False,0
871625094976,109267849144,-0.06,8.0,7.0,True,True,False,0
431749995052,109267849144,-0.27,8.0,7.0,True,True,False,0
502471685886,109267849144,0.08,7.0,7.0,True,True,True,1
219360362705,109267849144,-0.41,6.0,6.0,True,True,False,0
925447563155,109267849144,-0.38,8.0,7.0,True,True,False,0
387004643452,109267849144,-0.19,7.0,7.0,True,True,False,0
887107955435,109267849144,-0.41,6.0,7.0,True,False,False,0
633392941756,109267849144,-0.05,7.0,7.0,True,True,False,0
604861376907,109267849144,-0.01,7.0,7.0,True,True,True,1
424170555372,109267849144,-0.06,7.0,7.0,True,True,False,0
759559317405,109267849144,-0.01,7.0,7.0,True,True,False,0
492716412104,109267849144,-0.19,7.0,7.0,True,True,False,0
196672589451,109267849144,-0.08,5.0,7.0,True,False,False,0
360707330912,373494866507,0.22,8.0,6.0,True,False,False,0
551850586197,373494866507,-0.33,5.0,5.0,True,False,True,0
868622948248,373494866507,-0.52,8.0,6.0,True,False,True,0
159789411810,373494866507,-0.24,9.5,6.0,True,True,False,0
871625094976,373494866507,0.22,9.5,7.0,True,True,False,0
431749995052,373494866507,0.29,9.5,7.0,True,True,True,1
219360362705,373494866507,-0.02,7.0,5.0,True,False,False,0
925447563155,373494866507,-0.34,8.0,5.0,True,True,False,0
887107955435,373494866507,-0.49,7.0,5.0,True,False,False,0
604861376907,373494866507,0.01,8.0,5.0,True,True,True,1
424170555372,373494866507,0.29,6.0,4.0,True,False,False,0
759559317405,373494866507,0.09,7.0,4.0,True,False,True,0
492716412104,373494866507,-0.32,8.0,5.0,True,True,False,0
360707330912,289851002125,-0.06,5.0,6.0,True,True,False,0
868622948248,289851002125,0.21,6.0,5.0,True,True,False,0
783796432822,289851002125,0.04,6.0,6.0,True,True,False,0
159789411810,289851002125,-0.05,6.0,5.0,True,True,False,0
871625094976,289851002125,-0.05,6.0,6.0,True,True,False,0
431749995052,289851002125,-0.28,7.0,6.0,True,True,False,0
219360362705,289851002125,0.09,6.0,6.0,True,False,False,0
925447563155,289851002125,-0.27,6.0,2.0,True,True,False,0
387004643452,289851002125,0.06,6.0,4.0,True,True,False,0
887107955435,289851002125,-0.18,6.0,6.0,True,True,False,0
633392941756,289851002125,0.12,6.0,6.0,True,True,False,0
604861376907,289851002125,-0.21,6.0,3.0,True,True,False,0
424170555372,289851002125,0.16,5.0,6.0,True,True,False,0
492716412104,289851002125,-0.14,6.0,5.0,True,True,False,0
196672589451,289851002125,0.12,5.0,6.0,True,True,True,1
360707330912,524349652669,-0.08,4.0,2.0,True,False,False,0
868622948248,524349652669,0.58,3.0,2.0,True,False,False,0
502471685886,524349652669,0.11,5.0,7.0,True,False,True,0
387004643452,524349652669,0.52,4.0,3.0,True,False,False,0
633392941756,524349652669,0.43,7.0,3.0,True,True,False,0
604861376907,524349652669,0.45,6.0,6.0,True,False,True,0
424170555372,524349652669,0.28,6.0,7.0,True,False,False,0
759559317405,524349652669,0.57,4.0,3.0,True,False,True,0
196672589451,524349652669,0.5,4.0,3.0,True,False,True,0
360707330912,163984239808,0.28,6.0,6.0,True,False,True,0
868622948248,163984239808,-0.23,6.0,5.0,True,False,True,0
159789411810,163984239808,0.06,8.0,4.0,True,True,False,0
871625094976,163984239808,0.02,8.0,6.0,True,True,False,0
502471685886,163984239808,0.2,7.0,5.0,True,True,False,0
387004643452,163984239808,0.0,6.0,3.0,True,True,False,0
887107955435,163984239808,-0.15,8.0,6.0,True,True,False,0
633392941756,163984239808,-0.01,6.0,9.0,True,True,True,1
604861376907,163984239808,0.18,7.0,4.0,True,True,True,1
424170555372,163984239808,0.0,8.0,4.0,True,True,True,1
759559317405,163984239808,-0.01,7.0,4.0,True,False,False,0
492716412104,163984239808,-0.36,8.0,6.0,True,True,True,1
887107955435,787025322133,-0.46,7.0,7.0,True,False,True,0
360707330912,465500010421,0.44,5.0,3.0,True,False,False,0
551850586197,465500010421,-0.52,2.0,1.0,True,False,False,0
868622948248,465500010421,-0.57,2.0,5.0,True,False,False,0
159789411810,465500010421,0.11,3.0,3.0,True,False,False,0
871625094976,465500010421,0.05,6.0,6.0,True,True,False,0
431749995052,465500010421,0.2,6.0,2.0,True,True,False,0
502471685886,465500010421,-0.05,6.0,5.0,True,False,True,0
219360362705,465500010421,-0.27,4.0,7.0,True,False,False,0
925447563155,465500010421,-0.35,6.0,5.0,True,True,False,0
387004643452,465500010421,-0.41,8.0,1.0,True,False,False,0
887107955435,465500010421,0.3,6.0,6.0,True,False,False,0
633392941756,465500010421,-0.19,6.0,4.0,True,False,False,0
604861376907,465500010421,0.09,3.0,2.0,True,False,True,0
424170555372,465500010421,-0.47,5.0,4.0,True,True,True,1
759559317405,465500010421,-0.47,7.0,8.0,True,False,True,0
492716412104,465500010421,-0.3,8.0,6.0,True,False,False,0
360707330912,712660052731,0.62,6.0,3.0,True,False,False,0
551850586197,712660052731,0.03,4.0,2.0,True,False,False,0
868622948248,712660052731,-0.13,5.0,2.0,True,False,False,0
159789411810,712660052731,0.28,7.0,3.0,True,True,False,0
871625094976,712660052731,0.06,7.0,3.0,True,True,False,0
431749995052,712660052731,-0.31,7.0,3.0,True,True,False,0
502471685886,712660052731,0.42,5.0,4.0,True,False,True,0
219360362705,712660052731,0.11,5.0,4.0,True,False,False,0
925447563155,712660052731,0.03,7.0,2.0,True,True,False,0
387004643452,712660052731,0.17,7.0,3.0,True,True,False,0
887107955435,712660052731,-0.22,5.0,3.0,True,False,True,0
633392941756,712660052731,0.35,5.0,3.0,True,False,False,0
604861376907,712660052731,0.43,6.0,4.0,True,True,False,0
424170555372,712660052731,-0.15,6.0,3.0,True,True,False,0
492716412104,712660052731,0.32,5.0,3.0,True,False,False,0
360707330912,190134196290,-0.08,7.0,7.0,True,False,False,0
551850586197,190134196290,0.5,7.0,5.0,True,False,True,0
159789411810,190134196290,0.11,8.0,8.0,True,True,False,0
871625094976,190134196290,0.08,8.0,8.0,True,True,False,0
431749995052,190134196290,-0.07,8.0,8.0,True,True,False,0
219360362705,190134196290,0.16,7.0,5.0,True,False,True,0
925447563155,190134196290,0.4,8.0,8.0,True,True,False,0
387004643452,190134196290,0.5,7.0,7.0,True,True,False,0
887107955435,190134196290,-0.24,7.0,8.0,True,False,False,0
633392941756,190134196290,0.24,8.0,7.0,True,True,False,0
604861376907,190134196290,-0.2,8.0,6.0,True,True,True,1
424170555372,190134196290,0.77,6.0,7.0,True,False,True,0
759559317405,190134196290,0.46,7.0,7.0,True,False,True,0
492716412104,190134196290,0.22,6.0,6.0,True,False,False,0
360707330912,660622561882,-0.2,5.0,5.0,True,False,False,0
551850586197,660622561882,0.33,6.0,4.0,True,False,False,0
868622948248,660622561882,0.35,7.0,5.0,True,True,False,0
159789411810,660622561882,-0.15,7.0,5.0,True,True,False,0
871625094976,660622561882,0.16,7.0,4.0,True,True,False,0
431749995052,660622561882,-0.06,8.0,5.0,True,True,False,0
502471685886,660622561882,-0.16,6.0,6.0,True,False,False,0
219360362705,660622561882,0.21,6.0,5.0,True,False,False,0
925447563155,660622561882,0.26,7.0,6.0,True,True,False,0
387004643452,660622561882,0.19,7.0,5.0,True,True,False,0
887107955435,660622561882,-0.29,6.0,5.0,True,False,False,0
633392941756,660622561882,0.16,7.0,7.0,True,True,False,0
604861376907,660622561882,-0.29,7.0,6.0,True,True,False,0
424170555372,660622561882,0.83,7.0,6.0,True,False,False,0
759559317405,660622561882,0.68,7.0,5.0,True,False,False,0
492716412104,660622561882,0.11,6.0,3.0,True,False,False,0
360707330912,773972229250,0.39,6.0,6.0,True,False,False,0
551850586197,773972229250,0.16,7.0,7.0,True,False,True,0
868622948248,773972229250,0.1,7.0,7.0,True,False,False,0
159789411810,773972229250,0.53,9.0,6.0,True,True,False,0
871625094976,773972229250,0.03,9.0,7.0,True,True,False,0
431749995052,773972229250,-0.16,10.0,7.0,True,True,False,0
502471685886,773972229250,0.52,7.0,8.0,True,False,True,0
219360362705,773972229250,0.49,8.0,9.0,True,True,True,1
925447563155,773972229250,-0.32,10.0,10.0,True,True,True,1
387004643452,773972229250,0.2,8.0,7.0,True,False,False,0
887107955435,773972229250,-0.15,8.0,7.0,True,False,False,0
633392941756,773972229250,0.5,10.0,10.0,True,True,False,0
604861376907,773972229250,0.33,8.0,5.0,True,True,False,0
424170555372,773972229250,-0.12,7.0,8.0,True,True,False,0
492716412104,773972229250,0.11,10.0,10.0,True,True,True,1
169699673541,956484892248,0.26,2.0,5.0,True,False,True,0
756287944750,956484892248,-0.15,5.0,6.0,True,False,True,0
800558653428,956484892248,0.07,9.0,9.0,True,True,True,1
250547850958,956484892248,-0.37,5.0,10.0,True,False,True,0
273446529503,956484892248,0.65,3.0,10.0,True,False,True,0
851794912865,956484892248,-0.31,6.0,8.0,True,True,False,0
878219094645,956484892248,-0.06,3.0,3.0,True,False,False,0
787661791728,956484892248,0.37,3.0,6.0,True,False,True,0
169699673541,891006380882,0.23,8.0,7.0,True,False,False,0
756287944750,891006380882,-0.01,5.0,5.0,True,False,False,0
499896260763,891006380882,0.68,8.0,7.0,True,False,False,0
800558653428,891006380882,0.02,10.0,8.0,True,True,False,0
250547850958,891006380882,-0.34,8.0,7.0,True,True,True,1
273446529503,891006380882,0.44,8.0,7.0,True,True,False,0
851794912865,891006380882,-0.58,8.0,7.0,True,True,False,0
878219094645,891006380882,0.34,9.0,8.0,True,False,False,0
787661791728,891006380882,0.23,8.0,8.0,True,False,True,0
499896260763,706154619333,0.28,2.0,1.0,True,False,False,0
800558653428,706154619333,0.45,6.0,2.0,True,False,False,0
250547850958,706154619333,-0.34,3.0,1.0,True,False,False,0
273446529503,706154619333,0.61,3.0,1.0,True,False,False,0
878219094645,706154619333,0.41,8.0,8.0,True,True,False,0
756287944750,955590155644,-0.04,5.0,4.0,True,False,False,0
499896260763,955590155644,0.8,5.0,3.0,True,False,False,0
623509472247,955590155644,-0.18,8.0,4.0,True,True,False,0
800558653428,955590155644,0.14,5.0,2.0,True,False,False,0
250547850958,955590155644,-0.47,6.0,4.0,True,True,True,1
273446529503,955590155644,0.41,6.0,4.0,True,False,False,0
851794912865,955590155644,-0.56,4.0,2.0,True,False,False,0
878219094645,955590155644,0.53,7.0,5.0,True,False,False,0
787661791728,955590155644,0.28,7.0,4.0,True,True,True,1
169699673541,206632090805,0.27,6.0,7.0,True,False,True,0
756287944750,206632090805,0.26,8.0,8.0,True,True,True,1
499896260763,206632090805,0.17,6.0,5.0,True,False,True,0
800558653428,206632090805,0.37,7.0,7.0,True,False,False,0
851794912865,206632090805,0.14,7.0,8.0,True,False,True,0
878219094645,206632090805,0.21,7.0,7.0,True,True,True,1
787661791728,206632090805,0.26,6.0,7.0,True,False,True,0
169699673541,285067538828,-0.07,7.0,5.0,True,True,False,0
756287944750,285067538828,0.39,6.0,5.0,True,True,False,0
499896260763,285067538828,0.03,4.0,2.0,True,False,False,0
623509472247,285067538828,-0.18,7.0,5.0,True,True,False,0
800558653428,285067538828,0.34,5.0,3.0,True,False,False,0
250547850958,285067538828,-0.05,6.0,4.0,True,True,False,0
273446529503,285067538828,0.07,6.0,4.0,True,True,False,0
878219094645,285067538828,0.15,5.0,4.0,True,False,True,0
787661791728,285067538828,-0.17,6.0,5.0,True,True,True,1
169699673541,393378266961,0.48,6.0,6.0,True,False,True,0
756287944750,393378266961,-0.43,6.0,5.0,True,False,True,0
499896260763,393378266961,0.65,6.0,5.0,True,False,False,0
623509472247,393378266961,-0.2,6.0,6.0,True,False,False,0
800558653428,393378266961,0.02,6.0,5.0,True,False,False,0
250547850958,393378266961,-0.37,5.0,4.0,True,False,True,0
273446529503,393378266961,0.45,6.0,5.0,True,False,False,0
851794912865,393378266961,-0.63,6.0,6.0,True,False,False,0
878219094645,393378266961,0.35,6.0,6.0,True,False,False,0
787661791728,393378266961,0.5,5.0,4.0,True,False,True,0
956484892248,169699673541,0.26,6.0,6.0,True,True,False,0
891006380882,169699673541,0.23,5.0,5.0,True,False,False,0
206632090805,169699673541,0.27,8.0,5.0,True,True,False,0
670913776787,169699673541,0.17,5.0,6.0,True,False,True,0
285067538828,169699673541,-0.07,4.0,5.0,True,False,True,0
393378266961,169699673541,0.48,8.0,7.0,True,True,False,0
956484892248,756287944750,-0.15,7.0,5.0,True,True,False,0
891006380882,756287944750,-0.01,5.0,1.0,True,False,False,0
955590155644,756287944750,-0.04,1.0,5.0,True,False,False,0
206632090805,756287944750,0.26,10.0,10.0,True,True,True,1
670913776787,756287944750,0.03,5.0,5.0,True,True,True,1
285067538828,756287944750,0.39,6.0,5.0,True,False,True,0
393378266961,756287944750,-0.43,6.0,5.0,True,True,False,0
955590155644,623509472247,-0.18,4.0,4.0,True,False,True,0
285067538828,623509472247,-0.18,4.0,3.0,True,False,True,0
393378266961,623509472247,-0.2,5.0,4.0,True,False,False,0
956484892248,800558653428,0.07,8.0,3.0,True,True,True,1
891006380882,800558653428,0.02,7.0,2.0,True,False,True,0
706154619333,800558653428,0.45,7.0,2.0,True,False,False,0
955590155644,800558653428,0.14,6.0,2.0,True,False,False,0
206632090805,800558653428,0.37,7.0,2.0,True,False,False,0
670913776787,800558653428,0.63,7.0,2.0,True,False,True,0
285067538828,800558653428,0.34,6.0,2.0,True,False,False,0
393378266961,800558653428,0.02,7.0,3.0,True,False,False,0
956484892248,250547850958,-0.37,8.0,1.0,True,True,False,0
891006380882,250547850958,-0.34,9.0,3.0,True,True,True,1
706154619333,250547850958,-0.34,2.0,0.0,True,False,False,0
955590155644,250547850958,-0.47,8.0,0.0,True,True,True,1
285067538828,250547850958,-0.05,6.0,0.0,True,False,True,0
393378266961,250547850958,-0.37,7.0,1.0,True,True,False,0
956484892248,273446529503,0.65,6.0,7.0,True,True,False,0
891006380882,273446529503,0.44,6.0,6.0,True,False,True,0
706154619333,273446529503,0.61,5.0,6.0,True,False,False,0
955590155644,273446529503,0.41,6.0,7.0,True,False,False,0
206632090805,273446529503,0.33,7.0,5.0,True,True,False,0
670913776787,273446529503,0.21,6.0,6.0,True,False,False,0
285067538828,273446529503,0.07,5.0,5.0,True,False,True,0
393378266961,273446529503,0.45,7.0,7.0,True,False,False,0
956484892248,851794912865,-0.31,5.0,5.0,True,False,True,0
891006380882,851794912865,-0.58,5.0,6.0,True,False,True,0
206632090805,851794912865,0.14,7.0,6.0,True,True,False,0
670913776787,851794912865,-0.23,2.0,7.0,True,False,False,0
285067538828,851794912865,-0.01,3.0,1.0,True,False,True,0
393378266961,851794912865,-0.63,6.0,5.0,True,False,False,0
956484892248,787661791728,0.37,6.0,5.0,True,True,False,0
891006380882,787661791728,0.23,6.0,5.0,True,True,False,0
955590155644,787661791728,0.28,6.0,6.0,True,True,True,1
206632090805,787661791728,0.26,6.0,5.0,True,True,False,0
670913776787,787661791728,0.16,5.0,5.0,True,False,False,0
285067538828,787661791728,-0.17,6.0,7.0,True,True,True,1
393378266961,787661791728,0.5,6.0,7.0,True,True,False,0
554121166498,454783133822,0.32,5.0,5.0,True,True,False,0
220725691394,449562007396,0.69,5.0,1.0,True,False,False,0
574252523900,449562007396,-0.16,5.0,1.0,True,False,False,0
219584770821,449562007396,0.59,7.0,1.0,True,False,False,0
805056771002,449562007396,-0.2,7.0,1.0,True,True,False,0
480879945117,449562007396,0.65,10.0,1.0,True,True,True,1
554121166498,449562007396,0.51,5.0,1.0,True,False,False,0
314595423781,449562007396,0.59,9.0,3.0,True,True,True,1
220725691394,968171160087,0.27,5.0,5.0,True,False,False,0
574252523900,968171160087,-0.04,5.0,5.0,True,False,False,0
898384458685,968171160087,0.49,7.0,5.0,True,False,True,0
916037493576,968171160087,-0.27,7.0,5.0,True,True,False,0
874414186570,968171160087,0.9,7.0,5.0,True,False,True,0
614061135858,968171160087,0.56,5.0,5.0,True,False,False,0
332929211588,968171160087,-0.15,2.0,2.0,True,False,False,0
122967245670,968171160087,-0.18,5.0,5.0,True,False,False,0
805056771002,968171160087,0.03,6.0,5.0,True,True,False,0
780491388712,968171160087,0.24,5.0,5.0,True,False,True,0
480879945117,968171160087,0.52,6.0,5.0,True,True,True,1
554121166498,968171160087,0.6,7.0,5.0,True,True,True,1
314595423781,968171160087,0.8,5.0,5.0,True,False,True,0
742603983348,968171160087,0.4,7.0,5.0,True,False,False,0
574252523900,257173025309,0.31,8.0,8.0,True,False,False,0
874414186570,257173025309,0.14,7.0,2.0,True,True,False,0
614061135858,257173025309,0.54,7.0,7.0,True,False,False,0
332929211588,257173025309,0.06,9.0,8.0,True,True,True,1
122967245670,257173025309,0.38,7.0,7.0,True,True,False,0
219584770821,257173025309,-0.12,7.0,7.0,True,True,False,0
805056771002,257173025309,0.31,9.0,8.0,True,True,True,1
480879945117,257173025309,0.07,7.0,9.0,True,False,False,0
554121166498,257173025309,0.31,8.0,8.0,True,True,False,0
314595423781,257173025309,0.34,8.0,8.0,True,True,True,1
742603983348,257173025309,0.07,8.0,8.0,True,False,False,0
220725691394,424542132644,0.6,8.0,8.0,True,False,True,0
574252523900,424542132644,-0.21,6.0,8.0,True,False,True,0
916037493576,424542132644,-0.04,6.0,5.0,True,False,False,0
874414186570,424542132644,0.61,9.0,7.0,True,True,True,1
614061135858,424542132644,0.65,7.0,8.0,True,False,True,0
332929211588,424542132644,0.11,2.0,5.0,True,False,True,0
122967245670,424542132644,0.2,7.0,8.0,True,False,True,0
219584770821,424542132644,0.53,8.0,8.0,True,True,True,1
805056771002,424542132644,-0.02,7.0,7.0,True,False,True,0
780491388712,424542132644,0.09,7.0,2.0,True,False,False,0
480879945117,424542132644,0.51,8.0,10.0,True,False,True,0
554121166498,424542132644,0.55,8.0,9.0,True,True,True,1
314595423781,424542132644,0.6,7.0,7.0,True,False,True,0
980062689358,424542132644,0.67,6.0,2.0,True,False,False,0
742603983348,424542132644,0.46,6.0,8.0,True,False,False,0
220725691394,899077192767,0.29,8.0,8.0,True,True,True,1
574252523900,899077192767,-0.25,6.0,7.0,True,False,False,0
916037493576,899077192767,0.1,7.0,7.0,True,False,False,0
874414186570,899077192767,0.66,9.0,8.0,True,True,True,1
614061135858,899077192767,0.43,9.0,8.0,True,True,False,0
126672048809,899077192767,0.19,9.0,8.0,True,False,True,0
332929211588,899077192767,-0.01,7.0,8.0,True,False,True,0
122967245670,899077192767,0.06,7.0,7.0,True,False,False,0
219584770821,899077192767,0.52,8.0,7.0,True,False,True,0
805056771002,899077192767,-0.08,9.0,8.0,True,True,True,1
480879945117,899077192767,0.71,10.0,8.0,True,True,True,1
554121166498,899077192767,0.56,8.0,8.0,True,True,False,0
314595423781,899077192767,0.66,9.0,8.0,True,True,True,1
980062689358,899077192767,0.76,8.0,7.0,True,False,False,0
742603983348,899077192767,0.61,8.0,8.0,True,False,False,0
220725691394,404123100973,0.54,5.0,3.0,True,False,True,0
574252523900,404123100973,0.03,6.0,4.0,True,False,True,0
916037493576,404123100973,0.04,5.0,4.0,True,False,True,0
874414186570,404123100973,0.79,7.0,4.0,True,True,True,1
614061135858,404123100973,0.58,4.0,2.0,True,False,False,0
332929211588,404123100973,-0.18,6.0,3.0,True,False,True,0
122967245670,404123100973,0.0,7.0,4.0,True,False,True,0
219584770821,404123100973,0.51,3.0,3.0,True,False,True,0
805056771002,404123100973,0.09,4.0,3.0,True,False,True,0
780491388712,404123100973,0.17,4.0,3.0,True,False,True,0
480879945117,404123100973,0.72,4.0,3.0,True,True,True,1
554121166498,404123100973,0.83,5.0,4.0,True,False,False,0
314595423781,404123100973,0.81,6.0,3.0,True,False,True,0
742603983348,404123100973,0.4,4.0,3.0,True,False,False,0
220725691394,450646113847,0.65,0.0,3.0,True,False,False,0
574252523900,450646113847,-0.03,6.0,6.0,True,False,False,0
898384458685,450646113847,0.44,6.0,4.0,True,False,True,0
916037493576,450646113847,0.14,4.0,3.0,True,False,True,0
874414186570,450646113847,0.67,7.0,5.0,True,True,False,0
614061135858,450646113847,0.62,3.0,4.0,True,False,False,0
332929211588,450646113847,0.1,4.0,3.0,True,False,True,0
122967245670,450646113847,0.1,4.0,6.0,True,False,False,0
219584770821,450646113847,0.68,4.0,0.0,True,False,False,0
805056771002,450646113847,0.17,7.0,5.0,True,True,True,1
780491388712,450646113847,-0.06,5.0,4.0,True,False,True,0
480879945117,450646113847,0.71,7.0,7.0,True,False,False,0
554121166498,450646113847,0.76,7.0,7.0,True,True,True,1
314595423781,450646113847,0.65,6.0,0.0,True,False,True,0
742603983348,450646113847,0.43,4.0,4.0,True,False,False,0
220725691394,822373702876,0.3,1.0,3.0,True,False,False,0
574252523900,822373702876,-0.37,4.0,5.0,True,False,False,0
916037493576,822373702876,0.01,7.0,7.0,True,True,False,0
874414186570,822373702876,0.5,7.0,6.0,True,True,False,0
614061135858,822373702876,0.32,7.0,6.0,True,False,False,0
332929211588,822373702876,-0.08,5.0,5.0,True,False,False,0
122967245670,822373702876,0.12,6.0,6.0,True,False,False,0
219584770821,822373702876,0.56,7.0,5.0,True,True,False,0
805056771002,822373702876,-0.14,6.0,4.0,True,False,True,0
480879945117,822373702876,0.56,6.0,6.0,True,True,True,1
554121166498,822373702876,0.33,5.0,5.0,True,False,False,0
314595423781,822373702876,0.59,6.0,6.0,True,False,True,0
742603983348,822373702876,0.26,3.0,6.0,True,False,False,0
574252523900,577695567174,0.3,6.0,6.0,True,False,True,0
916037493576,577695567174,-0.07,7.0,5.0,True,True,True,1
874414186570,577695567174,0.8,6.0,5.0,True,True,False,0
614061135858,577695567174,0.32,6.0,5.0,True,True,True,1
332929211588,577695567174,-0.28,6.0,4.0,True,False,True,0
122967245670,577695567174,0.13,5.0,4.0,True,False,False,0
219584770821,577695567174,0.14,8.0,5.0,True,True,True,1
805056771002,577695567174,-0.06,7.0,6.0,True,True,True,1
780491388712,577695567174,0.21,7.0,7.0,True,True,False,0
480879945117,577695567174,0.52,5.0,2.0,True,True,True,1
554121166498,577695567174,0.44,9.0,4.0,True,True,True,1
314595423781,577695567174,0.73,7.0,5.0,True,True,True,1
980062689358,577695567174,0.5,8.0,6.0,True,True,True,1
220725691394,386978855654,0.73,2.0,2.0,True,False,False,0
574252523900,386978855654,0.3,4.0,8.0,True,False,True,0
916037493576,386978855654,0.53,6.0,5.0,True,False,False,0
874414186570,386978855654,0.08,10.0,8.0,True,True,False,0
614061135858,386978855654,0.54,7.0,8.0,True,False,False,0
332929211588,386978855654,0.26,2.0,4.0,True,False,False,0
122967245670,386978855654,0.34,4.0,7.0,True,False,False,0
219584770821,386978855654,0.08,6.0,7.0,True,False,False,0
805056771002,386978855654,0.15,8.0,6.0,True,False,True,0
780491388712,386978855654,0.18,7.0,2.0,True,False,True,0
480879945117,386978855654,0.18,7.0,8.0,True,False,True,0
554121166498,386978855654,0.31,7.0,8.0,True,False,True,0
314595423781,386978855654,0.3,9.0,9.0,True,False,False,0
980062689358,386978855654,0.52,7.0,8.0,True,False,False,0
742603983348,386978855654,0.14,9.0,7.0,True,False,False,0
220725691394,690193996734,0.18,6.0,5.0,True,False,False,0
574252523900,690193996734,-0.31,6.0,5.0,True,False,False,0
916037493576,690193996734,-0.29,2.0,5.0,True,False,True,0
874414186570,690193996734,0.64,9.0,10.0,True,True,True,1
614061135858,690193996734,0.13,10.0,10.0,True,True,False,0
126672048809,690193996734,0.31,5.0,5.0,True,False,False,0
332929211588,690193996734,-0.35,5.0,5.0,True,False,False,0
122967245670,690193996734,-0.19,8.0,5.0,True,False,True,0
219584770821,690193996734,0.56,9.0,5.0,True,True,True,1
805056771002,690193996734,-0.22,5.0,5.0,True,False,True,0
480879945117,690193996734,0.58,8.0,5.0,True,False,False,0
554121166498,690193996734,0.39,8.0,5.0,True,False,False,0
314595423781,690193996734,0.58,8.0,5.0,True,False,False,0
980062689358,690193996734,0.36,8.0,5.0,True,False,False,0
742603983348,690193996734,0.08,8.0,5.0,True,False,False,0
220725691394,238851047973,0.37,2.0,0.0,True,False,False,0
574252523900,238851047973,0.32,8.0,3.0,True,True,False,0
916037493576,238851047973,0.38,7.0,3.0,True,True,False,0
874414186570,238851047973,0.02,7.0,4.0,True,True,False,0
614061135858,238851047973,0.31,6.0,1.0,True,True,False,0
126672048809,238851047973,0.08,4.0,1.0,True,False,True,0
332929211588,238851047973,0.22,5.0,4.0,True,False,False,0
122967245670,238851047973,-0.05,4.0,0.0,True,False,False,0
219584770821,238851047973,0.05,8.0,0.0,True,True,False,0
805056771002,238851047973,0.28,5.0,4.0,True,False,False,0
480879945117,238851047973,0.23,6.0,0.0,True,True,False,0
554121166498,238851047973,0.52,7.0,2.0,True,True,False,0
314595423781,238851047973,0.4,7.0,2.0,True,True,True,1
742603983348,238851047973,0.74,5.0,4.0,True,False,False,0
220725691394,176223028705,0.64,3.0,3.0,True,False,False,0
574252523900,176223028705,-0.23,4.0,5.0,True,False,True,0
916037493576,176223028705,0.17,9.0,8.0,True,True,True,1
874414186570,176223028705,0.59,9.0,9.0,True,True,True,1
614061135858,176223028705,0.54,6.0,6.0,True,False,False,0
332929211588,176223028705,0.12,7.0,5.0,True,False,True,0
122967245670,176223028705,0.2,5.0,3.0,True,False,False,0
219584770821,176223028705,0.8,6.0,5.0,True,False,True,0
805056771002,176223028705,0.03,7.0,6.0,True,True,True,1
480879945117,176223028705,0.8,8.0,8.0,True,True,True,1
554121166498,176223028705,0.72,8.0,9.0,True,True,False,0
314595423781,176223028705,0.6,7.0,8.0,True,True,True,1
742603983348,176223028705,0.5,6.0,5.0,True,False,False,0
601605091641,220725691394,0.56,7.0,7.0,True,True,True,1
449562007396,220725691394,0.69,5.0,3.0,True,False,False,0
968171160087,220725691394,0.27,8.0,6.0,True,False,False,0
424542132644,220725691394,0.6,8.0,6.0,True,True,False,0
899077192767,220725691394,0.29,8.0,7.0,True,True,True,1
404123100973,220725691394,0.54,6.0,5.0,True,True,False,0
450646113847,220725691394,0.65,5.0,5.0,True,False,False,0
822373702876,220725691394,0.3,5.0,5.0,True,False,False,0
589323853010,220725691394,0.69,6.0,7.0,True,False,False,0
386978855654,220725691394,0.73,5.0,5.0,True,False,False,0
690193996734,220725691394,0.18,5.0,5.0,True,False,False,0
238851047973,220725691394,0.37,3.0,3.0,True,False,False,0
176223028705,220725691394,0.64,6.0,5.0,True,False,False,0
939389187628,220725691394,0.27,7.0,5.0,True,True,False,0
601605091641,574252523900,-0.2,4.0,4.0,True,False,False,0
449562007396,574252523900,-0.16,4.0,3.0,True,False,False,0
968171160087,574252523900,-0.04,5.0,3.0,True,False,False,0
257173025309,574252523900,0.31,5.0,3.0,True,False,False,0
424542132644,574252523900,-0.21,6.0,5.0,True,True,False,0
899077192767,574252523900,-0.25,4.0,6.0,True,False,False,0
404123100973,574252523900,0.03,6.0,5.0,True,True,False,0
450646113847,574252523900,-0.03,5.0,4.0,True,False,False,0
822373702876,574252523900,-0.37,5.0,3.0,True,False,False,0
577695567174,574252523900,0.3,9.0,8.0,True,True,False,0
589323853010,574252523900,0.21,6.0,4.0,True,False,False,0
386978855654,574252523900,0.3,7.0,6.0,True,True,False,0
690193996734,574252523900,-0.31,2.0,1.0,True,False,False,0
238851047973,574252523900,0.32,3.0,2.0,True,False,True,0
176223028705,574252523900,-0.23,6.0,4.0,True,True,False,0
939389187628,574252523900,-0.57,6.0,5.0,True,True,True,1
968171160087,898384458685,0.49,9.0,8.0,True,True,False,0
450646113847,898384458685,0.44,8.0,7.0,True,True,False,0
441945911655,898384458685,0.28,8.0,7.0,True,True,False,0
601605091641,874414186570,0.55,8.0,9.0,True,True,True,1
968171160087,874414186570,0.9,8.0,9.0,True,True,False,0
257173025309,874414186570,0.14,6.0,6.0,True,False,True,0
424542132644,874414186570,0.61,9.0,9.0,True,True,True,1
899077192767,874414186570,0.66,8.0,8.0,True,True,True,1
404123100973,874414186570,0.79,9.0,9.0,True,True,True,1
450646113847,874414186570,0.67,7.0,7.0,True,False,True,0
822373702876,874414186570,0.5,6.0,6.0,True,False,True,0
577695567174,874414186570,0.8,6.0,8.0,True,False,True,0
589323853010,874414186570,0.24,8.0,9.0,True,True,True,1
386978855654,874414186570,0.08,6.0,9.0,True,False,True,0
690193996734,874414186570,0.64,9.0,9.0,True,True,True,1
176223028705,874414186570,0.59,8.0,9.0,True,True,True,1
968171160087,614061135858,0.56,6.0,4.0,True,False,False,0
257173025309,614061135858,0.54,6.0,2.0,True,False,False,0
424542132644,614061135858,0.65,8.0,3.0,True,True,False,0
899077192767,614061135858,0.43,7.0,5.0,True,False,True,0
404123100973,614061135858,0.58,6.0,8.0,True,False,False,0
450646113847,614061135858,0.62,6.0,6.0,True,False,False,0
822373702876,614061135858,0.32,8.0,8.0,True,False,False,0
577695567174,614061135858,0.32,8.0,3.0,True,True,True,1
589323853010,614061135858,0.38,6.0,9.0,True,True,False,0
386978855654,614061135858,0.54,8.0,5.0,True,False,False,0
690193996734,614061135858,0.13,8.0,9.0,True,False,True,0
238851047973,614061135858,0.31,4.0,1.0,True,False,True,0
176223028705,614061135858,0.54,6.0,3.0,True,False,False,0
939389187628,614061135858,0.17,8.0,6.0,True,True,True,1
899077192767,126672048809,0.19,9.0,6.0,True,True,False,0
690193996734,126672048809,0.31,6.0,2.0,True,False,False,0
238851047973,126672048809,0.08,6.0,5.0,True,True,False,0
601605091641,332929211588,0.0,5.0,6.0,True,False,True,0
968171160087,332929211588,-0.15,4.0,4.0,True,False,False,0
257173025309,332929211588,0.06,10.0,5.0,True,True,True,1
424542132644,332929211588,0.11,9.0,5.0,True,True,False,0
899077192767,332929211588,-0.01,7.0,7.0,True,True,False,0
404123100973,332929211588,-0.18,9.0,8.0,True,True,False,0
450646113847,332929211588,0.1,7.0,8.0,True,True,False,0
822373702876,332929211588,-0.08,4.0,6.0,True,False,False,0
577695567174,332929211588,-0.28,7.0,7.0,True,True,False,0
589323853010,332929211588,0.42,7.0,4.0,True,True,False,0
386978855654,332929211588,0.26,5.0,6.0,True,False,False,0
690193996734,332929211588,-0.35,3.0,5.0,True,False,False,0
238851047973,332929211588,0.22,4.0,5.0,True,False,False,0
441945911655,332929211588,-0.21,8.0,7.0,True,True,False,0
176223028705,332929211588,0.12,7.0,7.0,True,True,False,0
939389187628,332929211588,-0.15,6.0,6.0,True,True,False,0
601605091641,122967245670,0.15,6.0,4.0,True,False,True,0
968171160087,122967245670,-0.18,6.0,5.0,True,False,False,0
257173025309,122967245670,0.38,6.0,5.0,True,False,True,0
424542132644,122967245670,0.2,8.0,7.0,True,True,False,0
899077192767,122967245670,0.06,5.0,4.0,True,False,False,0
404123100973,122967245670,0.0,7.0,6.0,True,True,False,0
450646113847,122967245670,0.1,7.0,5.0,True,False,False,0
822373702876,122967245670,0.12,7.0,5.0,True,False,False,0
577695567174,122967245670,0.13,7.0,5.0,True,False,False,0
589323853010,122967245670,0.62,8.0,7.0,True,True,False,0
386978855654,122967245670,0.34,7.0,5.0,True,False,False,0
690193996734,122967245670,-0.19,7.0,6.0,True,True,False,0
238851047973,122967245670,-0.05,5.0,3.0,True,False,False,0
176223028705,122967245670,0.2,6.0,3.0,True,False,False,0
939389187628,122967245670,-0.06,7.0,5.0,True,False,True,0
601605091641,219584770821,0.63,7.0,4.0,True,False,False,0
449562007396,219584770821,0.59,5.0,2.0,True,False,False,0
257173025309,219584770821,-0.12,8.0,5.0,True,False,True,0
424542132644,219584770821,0.53,8.0,4.0,True,True,True,1
899077192767,219584770821,0.52,7.0,7.0,True,True,False,0
404123100973,219584770821,0.51,7.0,5.0,True,True,False,0
450646113847,219584770821,0.68,6.0,4.0,True,False,False,0
822373702876,219584770821,0.56,6.0,2.0,True,False,True,0
577695567174,219584770821,0.14,7.0,7.0,True,True,True,1
589323853010,219584770821,0.59,6.0,4.0,True,False,False,0
386978855654,219584770821,0.08,6.0,3.0,True,False,False,0
690193996734,219584770821,0.56,7.0,7.0,True,True,True,1
238851047973,219584770821,0.05,10.0,1.0,True,False,True,0
176223028705,219584770821,0.8,7.0,5.0,True,True,False,0
939389187628,219584770821,0.45,7.0,5.0,True,True,True,1
968171160087,780491388712,0.24,9.0,2.0,True,True,False,0
424542132644,780491388712,0.09,3.0,7.0,True,False,False,0
404123100973,780491388712,0.17,10.0,7.0,True,True,False,0
450646113847,780491388712,-0.06,10.0,6.0,True,True,False,0
577695567174,780491388712,0.21,7.0,6.0,True,False,True,0
386978855654,780491388712,0.18,7.0,3.0,True,True,False,0
939389187628,780491388712,0.37,10.0,6.0,True,True,False,0
454783133822,554121166498,0.32,6.0,5.0,True,False,True,0
601605091641,554121166498,0.41,5.0,2.0,True,False,True,0
449562007396,554121166498,0.51,5.0,3.0,True,False,False,0
968171160087,554121166498,0.6,7.0,5.0,True,True,True,1
257173025309,554121166498,0.31,6.0,6.0,True,False,True,0
424542132644,554121166498,0.55,7.0,5.0,True,True,True,1
899077192767,554121166498,0.56,6.0,4.0,True,False,True,0
404123100973,554121166498,0.83,6.0,5.0,True,False,False,0
450646113847,554121166498,0.76,7.0,5.0,True,True,True,1
822373702876,554121166498,0.33,5.0,3.0,True,False,False,0
577695567174,554121166498,0.44,8.0,2.0,True,True,True,1
589323853010,554121166498,0.55,5.0,4.0,True,False,False,0
386978855654,554121166498,0.31,7.0,6.0,True,True,False,0
690193996734,554121166498,0.39,5.0,3.0,True,False,False,0
238851047973,554121166498,0.52,5.0,4.0,True,False,True,0
441945911655,554121166498,0.39,7.0,5.0,True,True,False,0
176223028705,554121166498,0.72,6.0,4.0,True,False,True,0
939389187628,554121166498,0.09,7.0,4.0,True,True,False,0
601605091641,314595423781,0.56,7.0,5.0,True,True,False,0
449562007396,314595423781,0.59,7.0,5.0,True,True,True,1
968171160087,314595423781,0.8,7.0,5.0,True,True,False,0
257173025309,314595423781,0.34,7.0,5.0,True,True,True,1
424542132644,314595423781,0.6,8.0,5.0,True,True,False,0
899077192767,314595423781,0.66,8.0,5.0,True,True,True,1
404123100973,314595423781,0.81,8.0,5.0,True,True,False,0
450646113847,314595423781,0.65,8.0,5.0,True,True,False,0
822373702876,314595423781,0.59,7.0,5.0,True,True,False,0
577695567174,314595423781,0.73,7.0,5.0,True,True,True,1
589323853010,314595423781,0.27,6.0,6.0,True,True,False,0
386978855654,314595423781,0.3,5.0,5.0,True,False,False,0
690193996734,314595423781,0.58,5.0,5.0,True,False,False,0
238851047973,314595423781,0.4,5.0,5.0,True,True,True,1
176223028705,314595423781,0.6,8.0,5.0,True,True,True,1
939389187628,314595423781,0.34,8.0,5.0,True,True,False,0
601605091641,980062689358,0.76,5.0,3.0,True,False,True,0
424542132644,980062689358,0.67,4.0,2.0,True,False,False,0
899077192767,980062689358,0.76,5.0,5.0,True,False,False,0
577695567174,980062689358,0.5,8.0,6.0,True,True,True,1
386978855654,980062689358,0.52,6.0,5.0,True,False,False,0
690193996734,980062689358,0.36,6.0,6.0,True,False,False,0
939389187628,980062689358,0.31,5.0,6.0,True,False,False,0
741070561091,397187481462,-0.29,8.0,8.0,True,True,True,1
832315252781,397187481462,-0.37,4.0,5.0,True,False,True,0
282937911943,397187481462,0.26,1.0,2.0,True,False,True,0
541611059870,397187481462,0.34,8.0,5.0,True,True,True,1
663426305326,397187481462,0.3,8.0,5.0,True,True,True,1
647712654568,397187481462,-0.24,8.0,8.0,True,True,True,1
561319501263,397187481462,0.44,9.0,9.0,True,True,True,1
249694674562,397187481462,0.35,2.0,5.0,True,False,False,0
741070561091,162644004488,0.08,8.0,1.0,True,True,False,0
832315252781,162644004488,-0.22,4.0,6.0,True,False,False,0
282937911943,162644004488,0.85,1.0,4.0,True,False,True,0
541611059870,162644004488,0.76,9.0,2.0,True,True,True,1
663426305326,162644004488,0.44,7.0,7.0,True,True,True,1
647712654568,162644004488,-0.28,9.0,7.0,True,True,False,0
561319501263,162644004488,-0.09,6.0,8.0,True,True,True,1
249694674562,162644004488,0.45,3.0,5.0,True,False,False,0
741070561091,103285621267,-0.05,10.0,1.0,True,False,False,0
832315252781,103285621267,0.07,5.0,8.0,True,False,False,0
282937911943,103285621267,0.58,2.0,6.0,True,False,True,0
541611059870,103285621267,0.71,10.0,10.0,True,True,True,1
663426305326,103285621267,0.4,8.0,8.0,True,False,False,0
647712654568,103285621267,-0.09,7.0,7.0,True,True,True,1
561319501263,103285621267,-0.13,8.0,8.0,True,True,True,1
741070561091,543128143029,0.08,10.0,10.0,True,True,True,1
832315252781,543128143029,-0.41,8.0,7.0,True,True,False,0
282937911943,543128143029,0.68,3.0,5.0,True,False,True,0
541611059870,543128143029,0.62,10.0,10.0,True,True,True,1
663426305326,543128143029,0.33,7.0,6.0,True,False,False,0
647712654568,543128143029,-0.42,7.0,6.0,True,True,True,1
561319501263,543128143029,-0.31,6.0,3.0,True,False,True,0
249694674562,543128143029,0.54,5.0,6.0,True,False,False,0
741070561091,833339983746,0.12,8.0,1.0,True,True,False,0
541611059870,833339983746,0.47,10.0,9.0,True,True,True,1
663426305326,833339983746,0.3,7.0,4.0,True,False,False,0
647712654568,833339983746,0.0,7.0,2.0,True,False,True,0
561319501263,833339983746,-0.5,8.0,1.0,True,False,True,0
647712654568,499545071444,-0.24,8.0,9.0,True,True,True,1
741070561091,450412992626,0.4,6.0,8.0,True,True,True,1
832315252781,450412992626,-0.31,4.0,6.0,True,False,False,0
282937911943,450412992626,0.64,1.0,8.0,True,False,False,0
541611059870,450412992626,0.53,5.0,7.0,True,True,True,1
663426305326,450412992626,0.69,7.0,8.0,True,False,True,0
647712654568,450412992626,-0.36,2.0,7.0,True,False,True,0
561319501263,450412992626,0.0,6.0,5.0,True,True,True,1
249694674562,450412992626,0.54,5.0,5.0,True,False,False,0
741070561091,897109477567,0.04,9.0,1.0,True,True,False,0
832315252781,897109477567,-0.28,9.0,1.0,True,True,False,0
282937911943,897109477567,0.83,5.0,10.0,True,False,True,0
541611059870,897109477567,0.72,8.0,1.0,True,True,False,0
663426305326,897109477567,0.14,9.0,1.0,True,True,False,0
647712654568,897109477567,-0.36,1.0,1.0,True,False,False,0
561319501263,897109477567,-0.15,9.0,1.0,True,True,False,0
249694674562,897109477567,0.52,9.0,1.0,True,True,False,0
397187481462,741070561091,-0.29,9.0,7.0,True,True,True,1
162644004488,741070561091,0.08,10.0,1.0,True,False,True,0
626373004458,741070561091,0.48,8.0,4.0,True,False,True,0
103285621267,741070561091,-0.05,10.0,1.0,True,False,False,0
543128143029,741070561091,0.08,10.0,10.0,True,True,True,1
833339983746,741070561091,0.12,10.0,1.0,True,False,True,0
450412992626,741070561091,0.4,8.0,9.0,True,True,True,1
897109477567,741070561091,0.04,7.0,7.0,True,False,True,0
397187481462,832315252781,-0.37,8.0,2.0,True,True,False,0
162644004488,832315252781,-0.22,4.0,2.0,True,False,False,0
626373004458,832315252781,0.13,4.0,1.0,True,False,True,0
103285621267,832315252781,0.07,4.0,2.0,True,False,False,0
543128143029,832315252781,-0.41,4.0,2.0,True,False,True,0
833339983746,832315252781,0.05,6.0,2.0,True,False,False,0
450412992626,832315252781,-0.31,5.0,8.0,True,False,False,0
897109477567,832315252781,-0.28,3.0,1.0,True,False,True,0
397187481462,282937911943,0.26,6.0,6.0,True,True,False,0
162644004488,282937911943,0.85,8.0,8.0,True,True,False,0
626373004458,282937911943,-0.04,7.0,2.0,True,True,False,0
103285621267,282937911943,0.58,6.0,6.0,True,True,False,0
543128143029,282937911943,0.68,7.0,7.0,True,True,False,0
833339983746,282937911943,0.33,7.0,8.0,True,True,False,0
450412992626,282937911943,0.64,8.0,8.0,True,False,False,0
897109477567,282937911943,0.83,7.0,7.0,True,True,False,0
397187481462,541611059870,0.34,8.0,8.0,True,True,True,1
162644004488,541611059870,0.76,7.0,5.0,True,True,True,1
626373004458,541611059870,-0.1,5.0,7.0,True,False,False,0
103285621267,541611059870,0.71,10.0,10.0,True,True,True,1
543128143029,541611059870,0.62,10.0,9.0,True,True,True,1
833339983746,541611059870,0.47,10.0,9.0,True,True,True,1
499545071444,541611059870,0.77,7.0,8.0,True,True,True,1
450412992626,541611059870,0.53,7.0,7.0,True,True,True,1
897109477567,541611059870,0.72,3.0,5.0,True,False,True,0
397187481462,663426305326,0.3,6.0,7.0,True,True,True,1
162644004488,663426305326,0.44,7.0,8.0,True,True,True,1
626373004458,663426305326,0.6,6.0,6.0,True,False,False,0
103285621267,663426305326,0.4,5.0,5.0,True,False,False,0
543128143029,663426305326,0.33,7.0,3.0,True,False,False,0
833339983746,663426305326,0.3,7.0,3.0,True,False,False,0
450412992626,663426305326,0.69,7.0,7.0,True,True,False,0
897109477567,663426305326,0.14,5.0,7.0,True,False,True,0
397187481462,647712654568,-0.24,10.0,10.0,True,True,True,1
162644004488,647712654568,-0.28,5.0,8.0,True,False,True,0
103285621267,647712654568,-0.09,7.0,10.0,True,True,True,1
543128143029,647712654568,-0.42,7.0,8.0,True,True,True,1
833339983746,647712654568,0.0,7.0,10.0,True,True,False,0
499545071444,647712654568,-0.24,8.0,7.0,True,True,True,1
450412992626,647712654568,-0.36,7.0,10.0,True,True,False,0
897109477567,647712654568,-0.36,4.0,7.0,True,False,False,0
397187481462,561319501263,0.44,9.0,8.0,True,True,True,1
162644004488,561319501263,-0.09,7.0,8.0,True,True,True,1
626373004458,561319501263,0.34,7.0,8.0,True,True,True,1
103285621267,561319501263,-0.13,8.0,9.0,True,True,True,1
543128143029,561319501263,-0.31,6.0,7.0,True,True,False,0
833339983746,561319501263,-0.5,8.0,8.0,True,True,False,0
450412992626,561319501263,0.0,8.0,8.0,True,True,True,1
897109477567,561319501263,-0.15,5.0,8.0,True,False,True,0
397187481462,249694674562,0.35,5.0,1.0,True,False,False,0
162644004488,249694674562,0.45,5.0,1.0,True,False,False,0
626373004458,249694674562,0.13,5.0,1.0,True,False,False,0
543128143029,249694674562,0.54,5.0,1.0,True,False,False,0
450412992626,249694674562,0.54,5.0,1.0,True,False,False,0
